Id, First Name, Last Name, Date of Birth, Sex, Height, Salary.
1,Geovanny,Schoen,1979-Aug-20,M,104,8866
2,Gillian,Wuckert,1954-Aug-23,m,151,2284
3,Margarette,Zieme,1995-Jun-18,m,118,9657
4,Ashley,Conroy,1967-Jul-01,f,218,4048
5,Missouri,Ziemann,1974-Dec-19,f,153,1729
6,Rodger,Denesik,1948-Aug-06,m,134,5575
7,Martina,Mitchell,1958-Jan-10,m,168,4459
8,Forest,Harber,2007-Aug-09,f,151,6992
9,Janet,Sawayn,1947-Jul-10,F,216,6260
10,Salvador,Hills,1981-Jan-12,f,129,4702
11,Estevan,Carter,1973-Dec-01,f,198,3694
12,Jesus,Dickens,2013-Dec-08,M,121,5859
13,Jensen,Stark,2012-Mar-07,m,159,6477
14,Anita,Dickens,2018-Oct-06,F,215,2743
15,Merlin,Durgan,2000-Apr-14,f,89,6015
16,Lois,Swaniawski,1971-Mar-10,F,66,9931
17,Lamont,Reilly,1958-Feb-02,m,138,4694
18,Dawn,Sawayn,1947-Oct-28,f,206,8045
19,Joana,Williamson,1950-Apr-06,m,219,2814
20,Gilbert,Ernser,1995-Dec-19,M,182,6414
21,Clement,Hyatt,1956-Jan-21,f,90,5356
22,Merle,Bartoletti,1973-Oct-22,m,216,3977
23,Rachel,Labadie,1968-Sep-11,M,145,5835
24,Lon,Hermann,1970-Jul-22,F,216,7838
25,Jovany,Abshire,1969-Nov-21,m,193,6666
26,Cecil,Tromp,2008-Sep-20,f,84,3170
27,Joshua,Braun,2015-Sep-15,m,145,7969
28,Candido,Goldner,1974-Oct-14,F,217,1183
29,Jakayla,Armstrong,1963-Jul-04,F,111,4989
30,Ibrahim,Mohr,1995-Dec-19,m,91,7038
31,Destany,Bergnaum,2004-May-09,f,112,7245
32,Emmanuelle,Gorczany,1996-Sep-27,F,180,4282
33,Dustin,Balistreri,1973-Oct-08,f,122,5075
34,Jody,Padberg,2010-Mar-22,m,79,5174
35,Gertrude,McKenzie,1967-Sep-25,F,93,3703
36,Jillian,Greenfelder,2018-Mar-10,F,180,3100
37,Andreane,Dooley,1996-Dec-29,F,192,7586
38,Liliana,Anderson,1941-Aug-07,F,62,7341
39,Fatima,Moore,1969-Jul-11,F,93,8255
40,Constantin,Friesen,1947-Dec-23,M,90,3580
41,Nathen,Hyatt,2011-Dec-25,F,174,9086
42,Jacky,Tillman,1961-Mar-29,F,91,5978
43,Stanford,Murphy,1976-Nov-24,f,218,7070
44,Nyasia,Haley,1982-Jan-01,M,78,8900
45,Bartholome,Harber,1962-Jan-24,m,201,5353
46,Kelton,Kuhn,1956-Jun-22,M,117,3216
47,Tate,Marvin,1959-Oct-22,M,195,1100
48,Hardy,Konopelski,1973-Apr-02,F,140,8379
49,Alexys,Olson,1977-Jun-01,m,118,7371
50,Oswald,Bechtelar,1973-Apr-21,F,73,3432
51,Jaiden,Goldner,1968-May-15,F,163,7887
52,Mekhi,Cronin,1949-May-05,F,204,2359
53,Shanelle,Beatty,1990-Feb-01,M,80,4568
54,Gudrun,Tremblay,1940-Dec-31,F,146,2012
55,Marisol,Dietrich,2005-Aug-24,m,97,6838
56,Taryn,D'Amore,2017-Apr-08,F,151,9677
57,Sherman,Howell,1978-Aug-02,F,99,6702
58,Citlalli,Kuhn,2016-May-31,f,94,9926
59,Augustine,Dooley,1968-Sep-28,f,64,7213
60,Mackenzie,King,1991-Oct-22,M,184,7332
61,Jazlyn,Walsh,1968-Sep-19,F,135,2159
62,Cecile,Gleichner,2004-Aug-29,F,163,9966
63,Amos,Feest,1955-Jan-13,M,152,9177
64,Alice,Kuhn,1968-Mar-07,m,202,939
65,Cale,Schoen,1939-May-17,M,149,638
66,Ruthie,Lemke,1969-May-06,m,213,6882
67,Vernice,Kub,1991-May-05,F,170,9774
68,Rogelio,Wuckert,1964-Oct-03,M,111,8296
69,Marta,Lehner,1998-Dec-28,f,194,5673
70,Kieran,Goyette,1970-Jun-13,F,127,2515
71,Rusty,Wiegand,1960-Feb-27,f,130,4786
72,Margaretta,Schuster,1941-May-14,f,79,537
73,Marcia,Quitzon,1942-Dec-13,f,193,2616
74,Florine,Bauch,1940-Dec-31,m,200,5648
75,Keon,Breitenberg,1970-Aug-01,F,176,3604
76,Kenyatta,Wilkinson,2009-Aug-25,F,183,7278
77,Jany,Johnson,1984-Feb-12,F,210,6045
78,Rosendo,Spinka,1978-Sep-22,f,108,8366
79,Ronny,Macejkovic,1968-May-14,F,219,9756
80,Neva,McGlynn,2013-Nov-18,M,158,8305
81,Norwood,Steuber,1996-Apr-18,f,142,1009
82,Earline,Johnson,1945-Apr-07,F,113,5892
83,Gonzalo,Lakin,1983-Nov-14,F,106,8019
84,Sarina,Kuvalis,1975-Jan-12,f,153,2463
85,Ignatius,Feil,1982-Mar-28,F,177,2154
86,Hassan,Parker,2003-Jan-03,m,87,7604
87,Simone,Rohan,1978-Jan-02,f,79,6786
88,Ophelia,Maggio,2014-Mar-06,M,123,5830
89,Nikita,Friesen,2012-Sep-19,M,113,919
90,Kaleigh,Hyatt,2017-Oct-22,f,91,4440
91,Stanley,Thiel,1956-Feb-04,f,106,7718
92,Darrin,Kautzer,1948-Jul-29,M,141,7522
93,Maye,Lueilwitz,2000-Aug-29,M,201,7031
94,Haskell,Blanda,1982-Aug-04,m,118,9496
95,Lucious,Walter,1981-Oct-12,f,184,9130
96,Yasmeen,Walker,1955-Nov-25,M,170,8039
97,Orin,Yundt,2017-Jul-05,f,74,2852
98,Nolan,Johnson,1979-Aug-03,m,86,609
99,Ardella,Homenick,1943-May-16,m,106,1759
100,Vincent,Grant,1997-Apr-06,F,84,9327
